{"cameraMode":{"drawMode":0,"name":"Shaded","section":"Shading Mode"},"sceneLighting":true,"audioPlay":false,"sceneViewState":{"showFog":true,"showMaterialUpdate":false,"showSkybox":true,"showFlares":true,"showImageEffects":true,"showParticleSystems":true},"in2DMode":false,"pivot":{"x":-0.9076053500175476,"y":-0.3841955065727234,"z":-1.5444270372390748},"rotation":{"x":-0.001499993377365172,"y":-0.0029999923426657917,"z":-0.000004492366770136869,"w":0.9999944567680359},"size":11.640528678894043,"orthographic":true}